epoch,time,train/box_loss,train/cls_loss,train/dfl_loss,metrics/precision(B),metrics/recall(B),metrics/mAP50(B),metrics/mAP50-95(B),val/box_loss,val/cls_loss,val/dfl_loss,lr/pg0,lr/pg1,lr/pg2
1,18.1258,0.88159,3.8477,1.1672,0.01852,0.30516,0.03217,0.02437,0.68933,3.83967,1.05835,0.000175,0.000175,0.000175
2,28.2436,0.40039,2.52533,0.9312,0.0521,0.97168,0.22971,0.21258,0.36354,2.8264,0.78148,0.000285713,0.000285713,0.000285713
3,37.0008,0.37007,2.04784,0.89935,0.31065,0.51239,0.32635,0.31146,0.28722,2.12212,0.74871,0.00032465,0.00032465,0.00032465
4,46.8422,0.32241,1.86237,0.87601,0.30384,0.51154,0.45024,0.43218,0.29197,1.88691,0.7651,0.00025375,0.00025375,0.00025375
5,56.5397,0.29386,1.70092,0.868,0.32242,0.57153,0.50712,0.49207,0.26308,1.68366,0.7537,0.00013,0.00013,0.00013
