epoch,time,train/box_loss,train/cls_loss,train/dfl_loss,metrics/precision(B),metrics/recall(B),metrics/mAP50(B),metrics/mAP50-95(B),val/box_loss,val/cls_loss,val/dfl_loss,lr/pg0,lr/pg1,lr/pg2
1,66.4317,0.27497,0.89234,0.89755,0.78141,0.8341,0.83031,0.8228,0.22887,0.64912,0.73407,0.000206856,0.000206856,0.000206856
2,122.135,0.2614,0.85554,0.88697,0.85071,0.861,0.8633,0.85736,0.22186,0.5989,0.7259,0.000332982,0.000332982,0.000332982
3,175.613,0.26557,0.88012,0.89596,0.84798,0.85083,0.85781,0.85286,0.21952,0.65647,0.71705,0.000376608,0.000376608,0.000376608
4,230.689,0.25629,0.8444,0.88713,0.87199,0.87359,0.87043,0.86535,0.21465,0.58396,0.7202,0.00025375,0.00025375,0.00025375
5,287.451,0.2503,0.83206,0.88668,0.88347,0.8868,0.88407,0.87872,0.204,0.55177,0.71685,0.00013,0.00013,0.00013
