epoch,time,train/box_loss,train/cls_loss,train/dfl_loss,metrics/precision(B),metrics/recall(B),metrics/mAP50(B),metrics/mAP50-95(B),val/box_loss,val/cls_loss,val/dfl_loss,lr/pg0,lr/pg1,lr/pg2
1,421.762,0.78107,3.72126,1.11753,0.02317,0.357,0.0382,0.02703,0.66508,4.05002,0.98316,0.000175,0.000175,0.000175
2,814.133,0.43963,2.49896,0.93414,0.05097,0.97871,0.19919,0.17658,0.3723,3.07217,0.8046,0.000285713,0.000285713,0.000285713
3,1201.82,0.37439,2.06083,0.89072,0.36084,0.40942,0.3029,0.28041,0.32,2.4448,0.79461,0.00032465,0.00032465,0.00032465
4,1612.35,0.32037,1.87725,0.87138,0.27313,0.61082,0.40906,0.37907,0.28463,2.07915,0.75449,0.00025375,0.00025375,0.00025375
5,2020.32,0.30144,1.75991,0.87407,0.32141,0.70092,0.47182,0.45244,0.24986,1.84329,0.74166,0.00013,0.00013,0.00013
