epoch,time,train/box_loss,train/cls_loss,train/dfl_loss,metrics/precision(B),metrics/recall(B),metrics/mAP50(B),metrics/mAP50-95(B),val/box_loss,val/cls_loss,val/dfl_loss,lr/pg0,lr/pg1,lr/pg2
1,56.0988,0.28753,1.1183,0.91252,0.75913,0.80929,0.81562,0.80914,0.24696,0.84369,0.72366,0.000206856,0.000206856,0.000206856
2,106.846,0.30241,1.09649,0.9084,0.82437,0.83544,0.84891,0.84203,0.24238,0.73069,0.73717,0.000332982,0.000332982,0.000332982
3,156.976,0.30742,1.10773,0.91828,0.835,0.83172,0.8528,0.84595,0.2431,0.70455,0.71849,0.000376608,0.000376608,0.000376608
4,205.955,0.29253,1.05621,0.90444,0.86083,0.86214,0.86721,0.86096,0.23164,0.67419,0.72353,0.00025375,0.00025375,0.00025375
5,257.178,0.28213,1.01912,0.90301,0.86644,0.87395,0.87741,0.87226,0.21743,0.6319,0.71628,0.00013,0.00013,0.00013
